IoC,Type
00ca0c04d247ef09f2b2acc452029345,FileHash1
4140f7e17e6f97f83aa3472473e01add,FileHash1
7bcf8d9f6834c44450eac145a967d2f2,FileHash1
dbb9b09957113463bbeb420c2c4108b5,FileHash1
35a672cf34b996b91f3e1c28cbf3a05a37e036e4,FileHash2
7b0278216ac31ec18eca9eb8bc1c1261a1b26f6c,FileHash2
f525d52ceb966516686b482d3dc0137028cc6a63,FileHash2
ff7ed7a0fa1c43eed01809d076feedbaed464fc7,FileHash2
14eb4ce01dd4307759887ff819359b70d7d9ff709ecde039a5abc1aac325b128,FileHash3
3f3f42d072bd36860ab7bd7fb5e10ac0d22c741c13c89505ccd6ec0ea572eea7,FileHash3
927387d0cfac1118df4b383decc2ea6ba49c9d2f98b47098bcbcba1efc026e1f,FileHash3
9fc2570b7cef51c1b8df116d144d11ff4096357be7d2c4c6367cfc2509cf1bcc,FileHash3
fd3ca4007b225fdf8de7af4345a19179d5efa8c4bb9205f88cda806e5684b1eb,FileHash3
js-mirror.com,Domain
npm-cache.com,Domain
pypi-get.com,Domain
go.getblock.io,Domain
4140f7e17e6f97f83aa3472473e01add,FileHash1
7bcf8d9f6834c44450eac145a967d2f2,FileHash1
f92ee93a0af971a3966bfa8efa9c2625,FileHash1
35a672cf34b996b91f3e1c28cbf3a05a37e036e4,FileHash2
e65b155ce74f3f81fb7d2b5b60f8e62b36e6d69c,FileHash2
f525d52ceb966516686b482d3dc0137028cc6a63,FileHash2
54dc7ea54a1317cca0e890a2770630cf7fa6c97813e0cb9d2caa93012b350668,FileHash3
9fc2570b7cef51c1b8df116d144d11ff4096357be7d2c4c6367cfc2509cf1bcc,FileHash3
fd3ca4007b225fdf8de7af4345a19179d5efa8c4bb9205f88cda806e5684b1eb,FileHash3
awqhnjewqjkl.icu,Domain
npm-cache.com,Domain
4140f7e17e6f97f83aa3472473e01add,FileHash1
7bcf8d9f6834c44450eac145a967d2f2,FileHash1
f92ee93a0af971a3966bfa8efa9c2625,FileHash1
35a672cf34b996b91f3e1c28cbf3a05a37e036e4,FileHash2
e65b155ce74f3f81fb7d2b5b60f8e62b36e6d69c,FileHash2
f525d52ceb966516686b482d3dc0137028cc6a63,FileHash2
54dc7ea54a1317cca0e890a2770630cf7fa6c97813e0cb9d2caa93012b350668,FileHash3
9fc2570b7cef51c1b8df116d144d11ff4096357be7d2c4c6367cfc2509cf1bcc,FileHash3
fd3ca4007b225fdf8de7af4345a19179d5efa8c4bb9205f88cda806e5684b1eb,FileHash3
js-mirror.com,Domain
npm-cache.com,Domain
pypi-get.com,Domain
